{"version": 1, "train_split": "giantsteps-mtg-keys (1157 high-confidence, single-key tracks)", "skey_key_map_major": ["A", "A#", "B", "C", "C#", "D", "D#", "E", "F", "F#", "G", "G#"], "skey_key_map_minor": ["B", "C", "C#", "D", "D#", "E", "F", "F#", "G", "G#", "A", "A#"], "mode": {"mean": [-0.005987815903197922, -0.006967564390665517, -0.0038445868625756243, -0.03363867329299912, 0.45989044338807206, 0.30541150648228177, 0.2321696378565255, 0.23815743647363863, 0.8469691443388072, 0.06182869403630075, 0.04600429213483147, 0.01582440190146932, 0.04086704840103714, 0.040374028522039807, 0.04144456006914432, 0.04358651598962838, 0.07303145980985311, 3.1659929612899713], "scale": [0.09366578541924368, 0.11431297632829847, 0.08164305742769687, 0.08964726270267093, 0.13126397655236613, 0.09955791301508783, 0.08838630296560941, 0.08672089735424894, 0.09934838776135411, 0.01969303730871027, 0.014023292657098629, 0.02896466429529402, 0.0038075992544330506, 0.002048194685838386, 0.005329571239780193, 0.009146877344511365, 0.014519896778890914, 0.008061564320058423], "coef": [0.18129942745194408, 0.13270422334408988, -0.02906059637463863, -0.021836667585808933, -0.08300219246605148, -0.1536174840616785, 0.10349716688742121, -0.09033450087458314, -0.09273989371725963, 0.38189816842057395, -0.3154284187194319, 0.41236728260108096, 0.10447679802192973, -0.10328168279842656, 0.2934311724152655, -0.0493179626053623, -0.27540612389785385, -0.3577022530360885], "intercept": 0.8798791472121468, "threshold": 0.7}, "rerank": {"mean": [-0.005987815903197922, -0.006967564390665517, -0.0038445868625756243, -0.03363867329299912, 0.45989044338807206, 0.30541150648228177, 0.2321696378565255, 0.23815743647363863, 0.8469691443388072, 0.6741372106128646, 0.26645447247307924, 0.06182869403630075, 0.04600429213483147, 0.01582440190146932, 0.04086704840103714, 0.040374028522039807, 0.04144456006914432, 0.04358651598962838, 0.07303145980985311, 3.1659929612899713, 0.6456352636127917, 0.7139152981849611], "scale": [0.09366578541924368, 0.11431297632829847, 0.08164305742769687, 0.08964726270267093, 0.13126397655236613, 0.09955791301508783, 0.08838630296560941, 0.08672089735424894, 0.09934838776135411, 0.2383515855766181, 0.12703251775041755, 0.01969303730871027, 0.014023292657098629, 0.02896466429529402, 0.0038075992544330506, 0.002048194685838386, 0.005329571239780193, 0.009146877344511365, 0.014519896778890914, 0.008061564320058423, 0.47832036334702516, 0.4519294692786015], "coef": [0.24899774033875915, -0.1919765195489626, 0.0449270492922807, 0.16951678887900426, 0.23673996029983932, 0.28067593558619147, 0.26914029538138495, 0.005435052994073886, -0.23124629856774254, 0.2346903238126728, -0.5990478046182678, -0.6838179369454869, -0.5260827330236484, -0.21022304817753934, 0.20040863952529464, 0.02513853919962279, 0.03660432092889927, -0.19421280766511861, 0.3544733581323049, 0.272470679362404, -2.6950540355098305, 0.6188715483995997], "intercept": -4.545505524065176, "threshold": 0.6}}