{
  "_doc": "Mode refinement for detect_key. Features at edma's tonic from librosa harmonic chroma (treble+bass). minor if sigmoid(coef.z+b)>=threshold, major if <=1-threshold, else keep edma.",
  "feature_names": [
    "m3-M3",
    "bass_m3-M3",
    "m6-M6",
    "m7-M7",
    "tonic",
    "fifth",
    "m3",
    "M3"
  ],
  "mean": [
    0.025828759611388783,
    0.03334445165342124,
    0.016120295984772357,
    -0.015664664092202667,
    0.4560091363716168,
    0.31495953215913586,
    0.2517343983448372,
    0.22590563873344838
  ],
  "scale": [
    0.09221895020477541,
    0.11892714410535939,
    0.08480404454543,
    0.09559952642015812,
    0.11583366016295762,
    0.0946161393544842,
    0.08641902108665296,
    0.08492599114071085
  ],
  "coef": [
    0.625117543212009,
    0.10808045734632987,
    0.24928045991137732,
    0.24649610688242887,
    -0.04020595596492368,
    -0.2066208674068044,
    0.4644534702626013,
    -0.20618033553703322
  ],
  "intercept": 2.709405717100407,
  "threshold": 0.9,
  "cv_mirex": 0.8011,
  "cv_exact": 0.7425,
  "trained_on": "GiantSteps Key (567)"
}